{"textures":{"0":"bettermodel:item/azeritechest_azeritechest","particle":"bettermodel:item/azeritechest_azeritechest"},"elements":[{"from":[7.7140427,9.996937,7.9094467],"to":[10.192341,10.092257,8.100085],"faces":{"north":{"uv":[1.873,5.377,0.252,5.4375],"rotation":180.0,"tintindex":0,"texture":"#0"},"east":{"uv":[9.377,8.752,9.4375,8.873],"rotation":270.0,"tintindex":0,"texture":"#0"},"south":{"uv":[2.873,5.3125,1.252,5.252],"tintindex":0,"texture":"#0"},"west":{"uv":[8.877,9.377,8.9375,9.498],"rotation":90.0,"tintindex":0,"texture":"#0"},"up":{"uv":[4.502,1.377,6.123,1.498],"rotation":180.0,"tintindex":0,"texture":"#0"},"down":{"uv":[4.502,1.502,6.123,1.623],"tintindex":0,"texture":"#0"}}},{"from":[7.7142334,7.9954247,7.9096375],"to":[10.19215,8.12849,8.099895],"faces":{"north":{"uv":[1.873,5.4375,0.252,5.377],"rotation":180.0,"tintindex":0,"texture":"#0"},"east":{"uv":[9.4375,8.752,9.377,8.873],"rotation":270.0,"tintindex":0,"texture":"#0"},"south":{"uv":[2.873,5.252,1.252,5.3125],"tintindex":0,"texture":"#0"},"west":{"uv":[8.9375,9.377,8.877,9.498],"rotation":90.0,"tintindex":0,"texture":"#0"},"up":{"uv":[6.123,1.502,4.502,1.623],"rotation":180.0,"tintindex":0,"texture":"#0"},"down":{"uv":[6.123,1.377,4.502,1.498],"tintindex":0,"texture":"#0"}}},{"from":[7.7140427,8.090553,7.9094467],"to":[7.8093615,9.996937,8.100085],"faces":{"north":{"uv":[5.4375,5.252,5.377,6.498],"rotation":180.0,"tintindex":0,"texture":"#0"},"east":{"uv":[1.502,4.877,2.748,4.998],"rotation":270.0,"tintindex":0,"texture":"#0"},"south":{"uv":[5.3125,6.498,5.252,5.252],"tintindex":0,"texture":"#0"},"west":{"uv":[2.752,4.877,3.998,4.998],"rotation":90.0,"tintindex":0,"texture":"#0"},"up":{"uv":[9.377,9.002,9.4375,9.123],"rotation":180.0,"tintindex":0,"texture":"#0"},"down":{"uv":[9.127,9.377,9.1875,9.498],"tintindex":0,"texture":"#0"}}},{"from":[10.097022,8.090553,7.9094467],"to":[10.192341,9.996937,8.100085],"faces":{"north":{"uv":[5.5625,2.502,5.502,3.748],"rotation":180.0,"tintindex":0,"texture":"#0"},"east":{"uv":[4.002,4.877,5.248,4.998],"rotation":270.0,"tintindex":0,"texture":"#0"},"south":{"uv":[2.4375,6.748,2.377,5.502],"tintindex":0,"texture":"#0"},"west":{"uv":[0.002,5.002,1.248,5.123],"rotation":90.0,"tintindex":0,"texture":"#0"},"up":{"uv":[9.377,9.127,9.4375,9.248],"rotation":180.0,"tintindex":0,"texture":"#0"},"down":{"uv":[9.252,9.377,9.3125,9.498],"tintindex":0,"texture":"#0"}}}],"display":{"fixed":{"scale":[4,4,4]}}}