{"textures":{"0":"bettermodel:item/azeritecrystal_azeritebig","particle":"bettermodel:item/azeritecrystal_azeritebig"},"elements":[{"from":[10.456566,7.9046807,7.666869],"to":[11.352566,8.095319,8.829763],"faces":{"north":{"uv":[3.254,1.629,3.8125,1.746],"tintindex":0,"texture":"#0"},"east":{"uv":[11.379,6.879,12.121,6.996],"tintindex":0,"texture":"#0"},"south":{"uv":[5.879,4.754,6.4375,4.871],"tintindex":0,"texture":"#0"},"west":{"uv":[11.504,2.504,12.246,2.621],"tintindex":0,"texture":"#0"},"up":{"uv":[9.6875,8.746,9.129,8.004],"tintindex":0,"texture":"#0"},"down":{"uv":[3.9375,9.254,3.379,9.996],"tintindex":0,"texture":"#0"}},"rotation":{"angle":45.0,"axis":"y","origin":[8.951253,10.954781,8.211651]}},{"from":[9.619879,8.095319,5.9284377],"to":[10.191794,8.857873,6.78631],"faces":{"north":{"uv":[10.879,5.129,11.246,5.621],"tintindex":0,"texture":"#0"},"east":{"uv":[0.504,10.254,1.0625,10.746],"tintindex":0,"texture":"#0"},"south":{"uv":[8.504,11.004,8.871,11.496],"tintindex":0,"texture":"#0"},"west":{"uv":[10.379,3.004,10.9375,3.496],"tintindex":0,"texture":"#0"},"up":{"uv":[11.246,4.1875,10.879,3.629],"tintindex":0,"texture":"#0"},"down":{"uv":[11.246,4.379,10.879,4.9375],"tintindex":0,"texture":"#0"}},"rotation":{"angle":-22.5,"axis":"y","origin":[8.760614,10.954781,7.830374]}},{"from":[9.896204,8.857873,6.309993],"to":[10.22982,9.429788,6.7865887],"faces":{"north":{"uv":[3.379,5.754,3.621,6.121],"tintindex":0,"texture":"#0"},"east":{"uv":[11.379,10.754,11.6875,11.121],"tintindex":0,"texture":"#0"},"south":{"uv":[7.629,0.004,7.871,0.371],"tintindex":0,"texture":"#0"},"west":{"uv":[11.379,11.254,11.6875,11.621],"tintindex":0,"texture":"#0"},"up":{"uv":[11.871,9.3125,11.629,9.004],"tintindex":0,"texture":"#0"},"down":{"uv":[9.996,11.629,9.754,11.9375],"tintindex":0,"texture":"#0"}},"rotation":{"angle":-22.5,"axis":"y","origin":[8.760614,10.954781,7.830374]}},{"from":[9.176552,9.029448,7.114456],"to":[9.653148,9.601362,7.495733],"faces":{"north":{"uv":[11.379,11.254,11.6875,11.621],"tintindex":0,"texture":"#0"},"east":{"uv":[3.379,5.754,3.621,6.121],"tintindex":0,"texture":"#0"},"south":{"uv":[11.379,10.754,11.6875,11.121],"tintindex":0,"texture":"#0"},"west":{"uv":[7.629,0.004,7.871,0.371],"tintindex":0,"texture":"#0"},"up":{"uv":[11.871,9.3125,11.629,9.004],"rotation":90.0,"tintindex":0,"texture":"#0"},"down":{"uv":[9.996,11.629,9.754,11.9375],"rotation":270.0,"tintindex":0,"texture":"#0"}},"rotation":{"angle":-22.5,"axis":"y","origin":[9.414849,9.315405,7.3050947]}},{"from":[10.097022,8.219149,7.8586607],"to":[10.287661,9.17234,8.335257],"faces":{"north":{"uv":[1.254,7.629,1.371,8.246],"tintindex":0,"texture":"#0"},"east":{"uv":[10.879,6.504,11.1875,7.121],"tintindex":0,"texture":"#0"},"south":{"uv":[8.879,0.004,8.996,0.621],"tintindex":0,"texture":"#0"},"west":{"uv":[9.254,10.879,9.5625,11.496],"tintindex":0,"texture":"#0"},"up":{"uv":[4.746,9.8125,4.629,9.504],"tintindex":0,"texture":"#0"},"down":{"uv":[9.871,4.879,9.754,5.1875],"tintindex":0,"texture":"#0"}},"rotation":{"angle":22.5,"axis":"x","origin":[8.760614,10.954781,7.830374]}},{"from":[10.287661,8.868142,7.815923],"to":[10.573618,9.773675,8.149541],"faces":{"north":{"uv":[0.004,11.504,0.1875,12.121],"tintindex":0,"texture":"#0"},"east":{"uv":[11.254,0.754,11.496,1.371],"tintindex":0,"texture":"#0"},"south":{"uv":[1.504,11.504,1.6875,12.121],"tintindex":0,"texture":"#0"},"west":{"uv":[5.504,11.254,5.746,11.871],"tintindex":0,"texture":"#0"},"up":{"uv":[12.1875,2.996,12.004,2.754],"tintindex":0,"texture":"#0"},"down":{"uv":[3.3125,12.004,3.129,12.246],"tintindex":0,"texture":"#0"}},"rotation":{"angle":22.5,"axis":"x","origin":[8.760614,10.954781,7.830374]}}],"display":{"fixed":{"scale":[4,4,4]}}}