{"textures":{"0":"bettermodel:item/azeritechest_azeritechest","particle":"bettermodel:item/azeritechest_azeritechest"},"elements":[{"from":[9.9063835,9.797634,8.088248],"to":[10.097022,9.988273,8.526716],"faces":{"north":{"uv":[3.748,4.377,3.627,4.498],"rotation":180.0,"tintindex":0,"texture":"#0"},"east":{"uv":[6.252,0.002,6.373,0.3125],"rotation":270.0,"tintindex":0,"texture":"#0"},"south":{"uv":[2.998,4.123,2.877,4.002],"tintindex":0,"texture":"#0"},"west":{"uv":[1.502,6.252,1.623,6.5625],"rotation":90.0,"tintindex":0,"texture":"#0"},"up":{"uv":[6.127,6.002,6.248,6.3125],"rotation":180.0,"tintindex":0,"texture":"#0"},"down":{"uv":[6.252,0.377,6.373,0.6875],"tintindex":0,"texture":"#0"}},"rotation":{"angle":22.5,"axis":"x","origin":[12.098724,9.0675745,8.405107]}},{"from":[9.906574,9.844617,8.081212],"to":[10.096831,10.034874,8.462108],"faces":{"north":{"uv":[6.123,3.877,6.002,3.998],"rotation":180.0,"tintindex":0,"texture":"#0"},"east":{"uv":[6.127,0.877,6.248,1.123],"rotation":270.0,"tintindex":0,"texture":"#0"},"south":{"uv":[5.623,5.998,5.502,5.877],"tintindex":0,"texture":"#0"},"west":{"uv":[0.377,6.377,0.498,6.623],"rotation":90.0,"tintindex":0,"texture":"#0"},"up":{"uv":[0.877,4.127,0.998,4.373],"rotation":180.0,"tintindex":0,"texture":"#0"},"down":{"uv":[4.627,6.252,4.748,6.498],"tintindex":0,"texture":"#0"}}},{"from":[9.906593,8.052635,8.081231],"to":[10.096812,8.242854,8.462089],"faces":{"north":{"uv":[3.373,6.502,3.252,6.623],"rotation":180.0,"tintindex":0,"texture":"#0"},"east":{"uv":[6.377,4.002,6.498,4.248],"rotation":270.0,"tintindex":0,"texture":"#0"},"south":{"uv":[6.248,3.623,6.127,3.502],"tintindex":0,"texture":"#0"},"west":{"uv":[6.502,3.002,6.623,3.248],"rotation":90.0,"tintindex":0,"texture":"#0"},"up":{"uv":[3.752,6.377,3.873,6.623],"rotation":180.0,"tintindex":0,"texture":"#0"},"down":{"uv":[6.377,6.127,6.498,6.373],"tintindex":0,"texture":"#0"}}},{"from":[9.906193,9.197078,8.968983],"to":[10.097213,9.626395,9.140938],"faces":{"north":{"uv":[2.623,6.252,2.502,6.5625],"rotation":180.0,"tintindex":0,"texture":"#0"},"east":{"uv":[5.627,3.627,5.9375,3.748],"rotation":270.0,"tintindex":0,"texture":"#0"},"south":{"uv":[1.748,6.5625,1.627,6.252],"tintindex":0,"texture":"#0"},"west":{"uv":[6.127,4.502,6.4375,4.623],"rotation":90.0,"tintindex":0,"texture":"#0"},"up":{"uv":[3.502,6.502,3.623,6.623],"rotation":180.0,"tintindex":0,"texture":"#0"},"down":{"uv":[4.752,6.627,4.873,6.748],"tintindex":0,"texture":"#0"}},"rotation":{"angle":-22.5,"axis":"x","origin":[12.098724,9.0675745,8.405107]}},{"from":[9.906193,8.464723,8.987221],"to":[10.097213,8.894041,9.159177],"faces":{"north":{"uv":[6.373,3.877,6.252,4.1875],"rotation":180.0,"tintindex":0,"texture":"#0"},"east":{"uv":[2.627,6.252,2.9375,6.373],"rotation":270.0,"tintindex":0,"texture":"#0"},"south":{"uv":[3.748,6.5625,3.627,6.252],"tintindex":0,"texture":"#0"},"west":{"uv":[3.252,6.252,3.5625,6.373],"rotation":90.0,"tintindex":0,"texture":"#0"},"up":{"uv":[0.877,6.752,0.998,6.873],"rotation":180.0,"tintindex":0,"texture":"#0"},"down":{"uv":[9.252,7.377,9.373,7.498],"tintindex":0,"texture":"#0"}},"rotation":{"angle":22.5,"axis":"x","origin":[12.098724,9.0675745,8.405107]}},{"from":[9.9063835,8.102845,8.070008],"to":[10.097022,8.293484,8.508476],"faces":{"north":{"uv":[9.373,7.627,9.252,7.748],"rotation":180.0,"tintindex":0,"texture":"#0"},"east":{"uv":[4.502,6.252,4.623,6.5625],"rotation":270.0,"tintindex":0,"texture":"#0"},"south":{"uv":[9.373,7.623,9.252,7.502],"tintindex":0,"texture":"#0"},"west":{"uv":[6.252,6.002,6.373,6.3125],"rotation":90.0,"tintindex":0,"texture":"#0"},"up":{"uv":[4.377,6.252,4.498,6.5625],"rotation":180.0,"tintindex":0,"texture":"#0"},"down":{"uv":[4.752,6.252,4.873,6.5625],"tintindex":0,"texture":"#0"}},"rotation":{"angle":-22.5,"axis":"x","origin":[12.098724,9.0675745,8.405107]}},{"from":[9.9063835,8.605277,8.862638],"to":[10.097022,9.463149,9.034213],"faces":{"north":{"uv":[2.123,5.502,2.002,6.0625],"rotation":180.0,"tintindex":0,"texture":"#0"},"east":{"uv":[2.252,4.002,2.8125,4.123],"rotation":270.0,"tintindex":0,"texture":"#0"},"south":{"uv":[1.998,6.0625,1.877,5.502],"tintindex":0,"texture":"#0"},"west":{"uv":[3.002,4.377,3.5625,4.498],"rotation":90.0,"tintindex":0,"texture":"#0"},"up":{"uv":[7.752,9.252,7.873,9.373],"rotation":180.0,"tintindex":0,"texture":"#0"},"down":{"uv":[9.252,7.752,9.373,7.873],"tintindex":0,"texture":"#0"}}},{"from":[12.194235,9.844617,8.081212],"to":[12.384492,10.034874,8.462108],"faces":{"north":{"uv":[9.248,9.252,9.127,9.373],"rotation":180.0,"tintindex":0,"texture":"#0"},"east":{"uv":[3.002,6.627,3.123,6.873],"rotation":270.0,"tintindex":0,"texture":"#0"},"south":{"uv":[9.373,7.998,9.252,7.877],"tintindex":0,"texture":"#0"},"west":{"uv":[0.377,9.252,0.498,9.498],"rotation":90.0,"tintindex":0,"texture":"#0"},"up":{"uv":[1.502,6.627,1.623,6.873],"rotation":180.0,"tintindex":0,"texture":"#0"},"down":{"uv":[0.252,9.252,0.373,9.498],"tintindex":0,"texture":"#0"}}},{"from":[12.194044,9.797634,8.088248],"to":[12.384682,9.988273,8.526716],"faces":{"north":{"uv":[9.498,0.377,9.377,0.498],"rotation":180.0,"tintindex":0,"texture":"#0"},"east":{"uv":[6.377,0.377,6.498,0.6875],"rotation":270.0,"tintindex":0,"texture":"#0"},"south":{"uv":[9.373,9.373,9.252,9.252],"tintindex":0,"texture":"#0"},"west":{"uv":[0.627,6.377,0.748,6.6875],"rotation":90.0,"tintindex":0,"texture":"#0"},"up":{"uv":[6.377,0.002,6.498,0.3125],"rotation":180.0,"tintindex":0,"texture":"#0"},"down":{"uv":[0.502,6.377,0.623,6.6875],"tintindex":0,"texture":"#0"}},"rotation":{"angle":22.5,"axis":"x","origin":[12.098724,9.0675745,8.405107]}},{"from":[12.193853,9.197078,8.968983],"to":[12.384872,9.626395,9.140938],"faces":{"north":{"uv":[0.998,6.377,0.877,6.6875],"rotation":180.0,"tintindex":0,"texture":"#0"},"east":{"uv":[6.252,4.627,6.5625,4.748],"rotation":270.0,"tintindex":0,"texture":"#0"},"south":{"uv":[0.873,6.6875,0.752,6.377],"tintindex":0,"texture":"#0"},"west":{"uv":[0.002,6.377,0.3125,6.498],"rotation":90.0,"tintindex":0,"texture":"#0"},"up":{"uv":[9.377,0.502,9.498,0.623],"rotation":180.0,"tintindex":0,"texture":"#0"},"down":{"uv":[9.377,0.627,9.498,0.748],"tintindex":0,"texture":"#0"}},"rotation":{"angle":-22.5,"axis":"x","origin":[12.098724,9.0675745,8.405107]}},{"from":[12.194044,8.605277,8.862638],"to":[12.384682,9.463149,9.034213],"faces":{"north":{"uv":[2.373,5.502,2.252,6.0625],"rotation":180.0,"tintindex":0,"texture":"#0"},"east":{"uv":[2.877,5.252,3.4375,5.373],"rotation":270.0,"tintindex":0,"texture":"#0"},"south":{"uv":[2.248,6.0625,2.127,5.502],"tintindex":0,"texture":"#0"},"west":{"uv":[5.502,0.877,6.0625,0.998],"rotation":90.0,"tintindex":0,"texture":"#0"},"up":{"uv":[9.377,0.752,9.498,0.873],"rotation":180.0,"tintindex":0,"texture":"#0"},"down":{"uv":[9.377,0.877,9.498,0.998],"tintindex":0,"texture":"#0"}}},{"from":[12.193853,8.464723,8.987221],"to":[12.384872,8.894041,9.159177],"faces":{"north":{"uv":[6.498,3.252,6.377,3.5625],"rotation":180.0,"tintindex":0,"texture":"#0"},"east":{"uv":[2.627,6.377,2.9375,6.498],"rotation":270.0,"tintindex":0,"texture":"#0"},"south":{"uv":[6.498,3.1875,6.377,2.877],"tintindex":0,"texture":"#0"},"west":{"uv":[3.252,6.377,3.5625,6.498],"rotation":90.0,"tintindex":0,"texture":"#0"},"up":{"uv":[9.377,1.002,9.498,1.123],"rotation":180.0,"tintindex":0,"texture":"#0"},"down":{"uv":[9.377,1.127,9.498,1.248],"tintindex":0,"texture":"#0"}},"rotation":{"angle":22.5,"axis":"x","origin":[12.098724,9.0675745,8.405107]}},{"from":[12.194044,8.102845,8.070008],"to":[12.384682,8.293484,8.508476],"faces":{"north":{"uv":[9.498,1.377,9.377,1.498],"rotation":180.0,"tintindex":0,"texture":"#0"},"east":{"uv":[6.377,5.002,6.498,5.3125],"rotation":270.0,"tintindex":0,"texture":"#0"},"south":{"uv":[9.498,1.373,9.377,1.252],"tintindex":0,"texture":"#0"},"west":{"uv":[6.377,5.752,6.498,6.0625],"rotation":90.0,"tintindex":0,"texture":"#0"},"up":{"uv":[6.377,3.627,6.498,3.9375],"rotation":180.0,"tintindex":0,"texture":"#0"},