{"textures":{"0":"bettermodel:item/azeritecrystal_azeritebig","particle":"bettermodel:item/azeritecrystal_azeritebig"},"elements":[{"from":[7.075019,7.9046807,6.5667734],"to":[8.409488,8.476596,8.282518],"faces":{"north":{"uv":[9.754,0.004,10.621,0.371],"tintindex":0,"texture":"#0"},"east":{"uv":[9.254,1.879,10.371,2.246],"tintindex":0,"texture":"#0"},"south":{"uv":[9.754,0.504,10.621,0.871],"tintindex":0,"texture":"#0"},"west":{"uv":[9.254,7.254,10.371,7.621],"tintindex":0,"texture":"#0"},"up":{"uv":[2.621,4.621,1.754,3.504],"tintindex":0,"texture":"#0"},"down":{"uv":[3.621,3.504,2.754,4.621],"tintindex":0,"texture":"#0"}},"rotation":{"angle":22.5,"axis":"y","origin":[8.760614,11.145419,7.830374]}},{"from":[6.9896164,8.407316,8.466705],"to":[7.656851,9.5511465,9.610536],"faces":{"north":{"uv":[9.754,4.004,10.1875,4.746],"tintindex":0,"texture":"#0"},"east":{"uv":[0.004,6.379,0.746,7.121],"tintindex":0,"texture":"#0"},"south":{"uv":[5.504,9.754,5.9375,10.496],"tintindex":0,"texture":"#0"},"west":{"uv":[6.129,6.504,6.871,7.246],"tintindex":0,"texture":"#0"},"up":{"uv":[10.3125,8.496,9.879,7.754],"tintindex":0,"texture":"#0"},"down":{"uv":[8.5625,9.879,8.129,10.621],"tintindex":0,"texture":"#0"}},"rotation":{"angle":22.5,"axis":"x","origin":[8.760614,10.954781,7.830374]}},{"from":[7.0849357,9.316571,8.632311],"to":[7.561532,10.269763,9.394865],"faces":{"north":{"uv":[10.879,9.504,11.1875,10.121],"tintindex":0,"texture":"#0"},"east":{"uv":[10.004,1.004,10.496,1.621],"tintindex":0,"texture":"#0"},"south":{"uv":[9.754,10.879,10.0625,11.496],"tintindex":0,"texture":"#0"},"west":{"uv":[10.129,5.879,10.621,6.496],"tintindex":0,"texture":"#0"},"up":{"uv":[11.4375,9.371,11.129,8.879],"tintindex":0,"texture":"#0"},"down":{"uv":[7.5625,11.254,7.254,11.746],"tintindex":0,"texture":"#0"}},"rotation":{"angle":22.5,"axis":"x","origin":[8.855934,10.954781,7.830374]}},{"from":[6.8942976,9.221731,8.451005],"to":[7.180255,10.46088,8.97526],"faces":{"north":{"uv":[6.129,11.129,6.3125,11.996],"tintindex":0,"texture":"#0"},"east":{"uv":[9.379,9.879,9.746,10.746],"tintindex":0,"texture":"#0"},"south":{"uv":[11.129,7.254,11.3125,8.121],"tintindex":0,"texture":"#0"},"west":{"uv":[9.879,9.879,10.246,10.746],"tintindex":0,"texture":"#0"},"up":{"uv":[11.9375,12.121,11.754,11.754],"tintindex":0,"texture":"#0"},"down":{"uv":[12.0625,0.004,11.879,0.371],"tintindex":0,"texture":"#0"}},"rotation":{"angle":22.5,"axis":"x","origin":[8.855934,10.954781,7.830374]}}],"display":{"fixed":{"scale":[4,4,4]}}}