{"textures":{"0":"bettermodel:item/azeritechest_azeritechest","particle":"bettermodel:item/azeritechest_azeritechest"},"elements":[{"from":[5.9710627,8.0609665,6.4722605],"to":[5.9710627,8.299264,6.6628985],"faces":{"north":{"uv":[0.0,0.0,0.0,0.1875],"tintindex":0,"texture":"#0"},"east":{"uv":[4.375,3.5,4.25,3.6875],"tintindex":0,"texture":"#0"},"south":{"uv":[0.0,0.0,0.0,0.1875],"tintindex":0,"texture":"#0"},"west":{"uv":[4.5,0.25,4.375,0.4375],"tintindex":0,"texture":"#0"},"up":{"uv":[0.125,0.0,0.0,0.0],"rotation":270.0,"tintindex":0,"texture":"#0"},"down":{"uv":[0.125,0.0,0.0,0.0],"rotation":90.0,"tintindex":0,"texture":"#0"}}},{"from":[5.8662114,8.0609665,6.5675793],"to":[6.085446,8.299264,6.5675793],"faces":{"north":{"uv":[1.125,0.125,1.0,0.3125],"tintindex":0,"texture":"#0"},"east":{"uv":[0.0,0.0,0.0,0.1875],"tintindex":0,"texture":"#0"},"south":{"uv":[2.0,3.125,1.875,3.3125],"tintindex":0,"texture":"#0"},"west":{"uv":[0.0,0.0,0.0,0.1875],"tintindex":0,"texture":"#0"},"up":{"uv":[0.0,0.0,0.0,0.125],"rotation":270.0,"tintindex":0,"texture":"#0"},"down":{"uv":[0.0,0.125,0.0,0.0],"rotation":90.0,"tintindex":0,"texture":"#0"}}},{"from":[5.8662114,7.5367107,6.4627285],"to":[6.085446,8.0609665,6.6724305],"faces":{"north":{"uv":[5.875,2.125,5.75,2.5],"tintindex":0,"texture":"#0"},"east":{"uv":[4.375,1.375,4.25,1.75],"tintindex":0,"texture":"#0"},"south":{"uv":[6.25,2.125,6.125,2.5],"tintindex":0,"texture":"#0"},"west":{"uv":[3.75,5.875,3.625,6.25],"tintindex":0,"texture":"#0"},"up":{"uv":[3.375,1.625,3.25,1.75],"rotation":270.0,"tintindex":0,"texture":"#0"},"down":{"uv":[0.125,3.5,0.0,3.375],"rotation":90.0,"tintindex":0,"texture":"#0"}}}],"display":{"fixed":{"scale":[4,4,4],"rotation":[0.0,0.0,-27.499998]}}}