{"textures":{"0":"bettermodel:item/azeritechest_azeritechest","particle":"bettermodel:item/azeritechest_azeritechest"},"elements":[{"from":[7.9428086,7.6831493,7.961872],"to":[8.057192,7.8070645,8.190639],"faces":{"north":{"uv":[9.502,3.502,9.5625,3.5625],"tintindex":0,"texture":"#0"},"east":{"uv":[9.502,1.002,9.623,1.0625],"tintindex":0,"texture":"#0"},"south":{"uv":[3.627,9.502,3.6875,9.5625],"tintindex":0,"texture":"#0"},"west":{"uv":[9.502,1.127,9.623,1.1875],"tintindex":0,"texture":"#0"},"up":{"uv":[9.5625,1.373,9.502,1.252],"tintindex":0,"texture":"#0"},"down":{"uv":[9.5625,1.377,9.502,1.498],"tintindex":0,"texture":"#0"}},"rotation":{"angle":-22.5,"axis":"x","origin":[7.990468,7.735575,8.142979]}},{"from":[7.942618,7.6829586,7.809171],"to":[8.057383,7.8072553,8.038319],"faces":{"north":{"uv":[9.502,3.627,9.5625,3.6875],"tintindex":0,"texture":"#0"},"east":{"uv":[9.502,1.502,9.623,1.5625],"tintindex":0,"texture":"#0"},"south":{"uv":[3.752,9.502,3.8125,9.5625],"tintindex":0,"texture":"#0"},"west":{"uv":[9.502,1.627,9.623,1.6875],"tintindex":0,"texture":"#0"},"up":{"uv":[9.5625,1.873,9.502,1.752],"tintindex":0,"texture":"#0"},"down":{"uv":[9.5625,1.877,9.502,1.998],"tintindex":0,"texture":"#0"}},"rotation":{"angle":22.5,"axis":"x","origin":[7.990468,7.735575,7.8570213]}},{"from":[7.9428086,7.721277,8.142979],"to":[8.057192,8.093022,8.266893],"faces":{"north":{"uv":[5.752,9.377,5.8125,9.623],"tintindex":0,"texture":"#0"},"east":{"uv":[9.377,5.752,9.4375,5.998],"tintindex":0,"texture":"#0"},"south":{"uv":[6.377,9.377,6.4375,9.623],"tintindex":0,"texture":"#0"},"west":{"uv":[9.377,6.377,9.4375,6.623],"tintindex":0,"texture":"#0"},"up":{"uv":[9.5625,3.4375,9.502,3.377],"tintindex":0,"texture":"#0"},"down":{"uv":[3.5625,9.502,3.502,9.5625],"tintindex":0,"texture":"#0"}},"rotation":{"angle":-22.5,"axis":"x","origin":[7.990468,7.85949,8.214468]}},{"from":[7.9428086,7.721277,7.733106],"to":[8.057192,8.093022,7.8570213],"faces":{"north":{"uv":[6.502,9.377,6.5625,9.623],"tintindex":0,"texture":"#0"},"east":{"uv":[6.627,9.377,6.6875,9.623],"tintindex":0,"texture":"#0"},"south":{"uv":[9.377,6.627,9.4375,6.873],"tintindex":0,"texture":"#0"},"west":{"uv":[6.752,9.377,6.8125,9.623],"tintindex":0,"texture":"#0"},"up":{"uv":[9.5625,3.8125,9.502,3.752],"tintindex":0,"texture":"#0"},"down":{"uv":[3.9375,9.502,3.877,9.5625],"tintindex":0,"texture":"#0"}},"rotation":{"angle":22.5,"axis":"x","origin":[7.990468,7.85949,7.785532]}}],"display":{"fixed":{"scale":[4,4,4]}}}