{"textures":{"0":"bettermodel:item/azeritechest_azeritechest","particle":"bettermodel:item/azeritechest_azeritechest"},"elements":[{"from":[7.9428086,7.721277,7.733106],"to":[8.057192,8.093022,7.8570213],"faces":{"north":{"uv":[8.127,9.377,8.1875,9.623],"tintindex":0,"texture":"#0"},"east":{"uv":[9.377,8.127,9.4375,8.373],"tintindex":0,"texture":"#0"},"south":{"uv":[8.252,9.377,8.3125,9.623],"tintindex":0,"texture":"#0"},"west":{"uv":[8.377,9.377,8.4375,9.623],"tintindex":0,"texture":"#0"},"up":{"uv":[9.5625,4.3125,9.502,4.252],"tintindex":0,"texture":"#0"},"down":{"uv":[4.4375,9.502,4.377,9.5625],"tintindex":0,"texture":"#0"}},"rotation":{"angle":22.5,"axis":"x","origin":[8.009532,7.85949,7.785532]}},{"from":[7.9428086,7.6831493,7.961872],"to":[8.057192,7.8070645,8.190639],"faces":{"north":{"uv":[9.502,4.127,9.5625,4.1875],"tintindex":0,"texture":"#0"},"east":{"uv":[9.502,2.502,9.623,2.5625],"tintindex":0,"texture":"#0"},"south":{"uv":[4.252,9.502,4.3125,9.5625],"tintindex":0,"texture":"#0"},"west":{"uv":[9.502,2.627,9.623,2.6875],"tintindex":0,"texture":"#0"},"up":{"uv":[9.5625,2.873,9.502,2.752],"tintindex":0,"texture":"#0"},"down":{"uv":[9.5625,2.877,9.502,2.998],"tintindex":0,"texture":"#0"}},"rotation":{"angle":-22.5,"axis":"x","origin":[8.009532,7.735575,8.142979]}},{"from":[7.9428086,7.721277,8.142979],"to":[8.057192,8.093022,8.266893],"faces":{"north":{"uv":[9.377,7.377,9.4375,7.623],"tintindex":0,"texture":"#0"},"east":{"uv":[9.377,7.627,9.4375,7.873],"tintindex":0,"texture":"#0"},"south":{"uv":[7.752,9.377,7.8125,9.623],"tintindex":0,"texture":"#0"},"west":{"uv":[9.377,7.877,9.4375,8.123],"tintindex":0,"texture":"#0"},"up":{"uv":[9.5625,3.9375,9.502,3.877],"tintindex":0,"texture":"#0"},"down":{"uv":[4.0625,9.502,4.002,9.5625],"tintindex":0,"texture":"#0"}},"rotation":{"angle":-22.5,"axis":"x","origin":[8.009532,7.85949,8.214468]}},{"from":[7.942618,7.6829586,7.809171],"to":[8.057383,7.8072553,8.038319],"faces":{"north":{"uv":[9.502,4.002,9.5625,4.0625],"tintindex":0,"texture":"#0"},"east":{"uv":[9.502,2.002,9.623,2.0625],"tintindex":0,"texture":"#0"},"south":{"uv":[4.127,9.502,4.1875,9.5625],"tintindex":0,"texture":"#0"},"west":{"uv":[9.502,2.127,9.623,2.1875],"tintindex":0,"texture":"#0"},"up":{"uv":[9.5625,2.373,9.502,2.252],"tintindex":0,"texture":"#0"},"down":{"uv":[9.5625,2.377,9.502,2.498],"tintindex":0,"texture":"#0"}},"rotation":{"angle":22.5,"axis":"x","origin":[8.009532,7.735575,7.8570213]}}],"display":{"fixed":{"scale":[4,4,4]}}}