{"textures":{"0":"bettermodel:item/demon_knight_demon_knight","particle":"bettermodel:item/demon_knight_demon_knight"},"elements":[{"from":[7.9535704,8.478663,7.178524],"to":[8.792379,8.740791,8.017333],"faces":{"north":{"uv":[14.125,3.375,14.625,3.5],"tintindex":0,"texture":"#0"},"east":{"uv":[14.125,3.875,14.625,4.0],"tintindex":0,"texture":"#0"},"south":{"uv":[14.125,4.0,14.625,4.125],"tintindex":0,"texture":"#0"},"west":{"uv":[14.125,4.375,14.625,4.5],"tintindex":0,"texture":"#0"},"up":{"uv":[10.875,2.75,10.375,2.25],"tintindex":0,"texture":"#0"},"down":{"uv":[10.875,2.75,10.375,3.25],"tintindex":0,"texture":"#0"}}},{"from":[8.110847,8.740791,7.3358006],"to":[8.635102,8.797982,7.8600564],"faces":{"north":{"uv":[14.5,1.625,14.875,1.75],"tintindex":0,"texture":"#0"},"east":{"uv":[14.5,1.75,14.875,1.875],"tintindex":0,"texture":"#0"},"south":{"uv":[14.5,1.875,14.875,2.0],"tintindex":0,"texture":"#0"},"west":{"uv":[14.5,2.0,14.875,2.125],"tintindex":0,"texture":"#0"},"up":{"uv":[2.875,12.875,2.5,12.5],"tintindex":0,"texture":"#0"},"down":{"uv":[3.25,12.5,2.875,12.875],"tintindex":0,"texture":"#0"}}}],"display":{"fixed":{"scale":[4,4,4],"rotation":[7.4365587,-44.5119,10.546841]}}}