{"textures":{"0":"bettermodel:item/demon_knight_demon_knight","particle":"bettermodel:item/demon_knight_demon_knight"},"elements":[{"from":[6.6639457,7.7156153,7.8141026],"to":[7.08335,8.187445,8.243039],"faces":{"north":{"uv":[9.125,14.25,9.375,14.5],"tintindex":0,"texture":"#0"},"east":{"uv":[14.25,12.125,14.5,12.375],"tintindex":0,"texture":"#0"},"south":{"uv":[13.0,14.25,13.25,14.5],"tintindex":0,"texture":"#0"},"west":{"uv":[13.25,14.25,13.5,14.5],"tintindex":0,"texture":"#0"},"up":{"uv":[14.125,14.5,13.875,14.25],"tintindex":0,"texture":"#0"},"down":{"uv":[14.625,0.375,14.375,0.625],"tintindex":0,"texture":"#0"}}}],"display":{"fixed":{"scale":[4,4,4],"rotation":[-5.122998,-21.938572,-13.493598]}}}