{"textures":{"0":"bettermodel:item/demon_knight_demon_knight","particle":"bettermodel:item/demon_knight_demon_knight"},"elements":[{"from":[8.636253,7.506989,7.4257154],"to":[8.874552,7.9359255,8.569546],"faces":{"north":{"uv":[5.625,11.625,5.75,11.875],"tintindex":0,"texture":"#0"},"east":{"uv":[11.25,2.125,12.0,2.375],"tintindex":0,"texture":"#0"},"south":{"uv":[1.75,11.75,1.875,12.0],"tintindex":0,"texture":"#0"},"west":{"uv":[11.25,3.125,12.0,3.375],"tintindex":0,"texture":"#0"},"up":{"uv":[11.0,13.5,10.875,12.75],"tintindex":0,"texture":"#0"},"down":{"uv":[12.375,12.75,12.25,13.5],"tintindex":0,"texture":"#0"}}},{"from":[8.848406,6.6517086,7.4257154],"to":[9.086704,7.0806446,8.569546],"faces":{"north":{"uv":[5.5,12.25,5.625,12.5],"tintindex":0,"texture":"#0"},"east":{"uv":[11.25,4.375,12.0,4.625],"tintindex":0,"texture":"#0"},"south":{"uv":[12.25,11.75,12.375,12.0],"tintindex":0,"texture":"#0"},"west":{"uv":[11.25,4.625,12.0,4.875],"tintindex":0,"texture":"#0"},"up":{"uv":[5.875,13.625,5.75,12.875],"tintindex":0,"texture":"#0"},"down":{"uv":[7.125,12.875,7.0,13.625],"tintindex":0,"texture":"#0"}}},{"from":[8.764692,7.0826645,7.4257154],"to":[9.00299,7.511601,8.569546],"faces":{"north":{"uv":[14.5,13.875,14.625,14.125],"tintindex":0,"texture":"#0"},"east":{"uv":[11.25,7.875,12.0,8.125],"tintindex":0,"texture":"#0"},"south":{"uv":[14.25,14.5,14.375,14.75],"tintindex":0,"texture":"#0"},"west":{"uv":[11.25,8.125,12.0,8.375],"tintindex":0,"texture":"#0"},"up":{"uv":[1.25,13.875,1.125,13.125],"tintindex":0,"texture":"#0"},"down":{"uv":[4.125,13.125,4.0,13.875],"tintindex":0,"texture":"#0"}}}],"display":{"fixed":{"scale":[4,4,4],"rotation":[-0.0,0.0,9.999999]}}}