{"textures":{"0":"bettermodel:item/demon_knight_demon_knight","particle":"bettermodel:item/demon_knight_demon_knight"},"elements":[{"from":[8.86284,7.91177,7.7864594],"to":[9.282244,8.383599,8.062885],"faces":{"north":{"uv":[10.0,14.125,10.25,14.375],"tintindex":0,"texture":"#0"},"east":{"uv":[14.625,3.875,14.75,4.125],"tintindex":0,"texture":"#0"},"south":{"uv":[14.125,10.0,14.375,10.25],"tintindex":0,"texture":"#0"},"west":{"uv":[4.0,14.625,4.125,14.875],"tintindex":0,"texture":"#0"},"up":{"uv":[4.375,14.75,4.125,14.625],"tintindex":0,"texture":"#0"},"down":{"uv":[4.625,14.625,4.375,14.75],"tintindex":0,"texture":"#0"}}}],"display":{"fixed":{"scale":[4,4,4],"rotation":[9.92926,-20.293482,26.781345]}}}