{"textures":{"0":"bettermodel:item/demon_knight_demon_knight","particle":"bettermodel:item/demon_knight_demon_knight"},"elements":[{"from":[8.860291,7.91177,7.943269],"to":[9.2796955,8.383599,8.219694],"faces":{"north":{"uv":[10.5,14.125,10.75,14.375],"tintindex":0,"texture":"#0"},"east":{"uv":[14.625,4.375,14.75,4.625],"tintindex":0,"texture":"#0"},"south":{"uv":[10.875,14.125,11.125,14.375],"tintindex":0,"texture":"#0"},"west":{"uv":[4.625,14.625,4.75,14.875],"tintindex":0,"texture":"#0"},"up":{"uv":[14.875,4.75,14.625,4.625],"tintindex":0,"texture":"#0"},"down":{"uv":[5.0,14.625,4.75,14.75],"tintindex":0,"texture":"#0"}}}],"display":{"fixed":{"scale":[4,4,4],"rotation":[-9.92926,20.293482,26.781345]}}}