{"textures":{"0":"bettermodel:item/demon_knight_demon_knight","particle":"bettermodel:item/demon_knight_demon_knight"},"elements":[{"from":[7.2339272,7.0904937,7.695556],"to":[8.158524,7.5194297,8.36279],"faces":{"north":{"uv":[11.875,5.25,12.5,5.5],"tintindex":0,"texture":"#0"},"east":{"uv":[12.5,9.125,13.0,9.375],"tintindex":0,"texture":"#0"},"south":{"uv":[11.875,5.5,12.5,5.75],"tintindex":0,"texture":"#0"},"west":{"uv":[12.5,11.375,13.0,11.625],"tintindex":0,"texture":"#0"},"up":{"uv":[9.625,9.5,9.0,9.0],"tintindex":0,"texture":"#0"},"down":{"uv":[1.0,9.125,0.375,9.625],"tintindex":0,"texture":"#0"}}},{"from":[7.3623657,7.5148177,7.695556],"to":[8.096324,7.9914136,8.36279],"faces":{"north":{"uv":[11.25,8.375,11.75,8.75],"tintindex":0,"texture":"#0"},"east":{"uv":[11.25,9.5,11.75,9.875],"tintindex":0,"texture":"#0"},"south":{"uv":[11.25,9.875,11.75,10.25],"tintindex":0,"texture":"#0"},"west":{"uv":[11.25,10.25,11.75,10.625],"tintindex":0,"texture":"#0"},"up":{"uv":[9.625,10.375,9.125,9.875],"tintindex":0,"texture":"#0"},"down":{"uv":[10.125,9.875,9.625,10.375],"tintindex":0,"texture":"#0"}}},{"from":[7.1502137,6.6595373,7.695556],"to":[8.25115,7.0884733,8.36279],"faces":{"north":{"uv":[11.25,7.375,12.0,7.625],"tintindex":0,"texture":"#0"},"east":{"uv":[12.375,7.875,12.875,8.125],"tintindex":0,"texture":"#0"},"south":{"uv":[11.25,7.625,12.0,7.875],"tintindex":0,"texture":"#0"},"west":{"uv":[12.5,8.875,13.0,9.125],"tintindex":0,"texture":"#0"},"up":{"uv":[1.875,9.125,1.125,8.625],"tintindex":0,"texture":"#0"},"down":{"uv":[4.0,8.625,3.25,9.125],"tintindex":0,"texture":"#0"}}}],"display":{"fixed":{"scale":[4,4,4],"rotation":[0.0,0.0,-9.999999]}}}