{"textures":{"0":"bettermodel:item/demon_knight_demon_knight","particle":"bettermodel:item/demon_knight_demon_knight"},"elements":[{"from":[9.311985,8.069047,7.92139],"to":[9.521687,8.226323,8.089152],"faces":{"north":{"uv":[14.75,3.875,14.875,4.0],"tintindex":0,"texture":"#0"},"east":{"uv":[14.75,4.0,14.875,4.125],"tintindex":0,"texture":"#0"},"south":{"uv":[4.125,14.75,4.25,14.875],"tintindex":0,"texture":"#0"},"west":{"uv":[14.75,4.125,14.875,4.25],"tintindex":0,"texture":"#0"},"up":{"uv":[4.375,14.875,4.25,14.75],"tintindex":0,"texture":"#0"},"down":{"uv":[14.875,4.25,14.75,4.375],"tintindex":0,"texture":"#0"}}},{"from":[8.840155,7.91177,7.6907177],"to":[9.311985,8.3836,8.319824],"faces":{"north":{"uv":[10.25,14.125,10.5,14.375],"tintindex":0,"texture":"#0"},"east":{"uv":[2.875,13.5,3.25,13.75],"tintindex":0,"texture":"#0"},"south":{"uv":[14.125,10.25,14.375,10.5],"tintindex":0,"texture":"#0"},"west":{"uv":[13.5,3.0,13.875,3.25],"tintindex":0,"texture":"#0"},"up":{"uv":[10.75,13.75,10.5,13.375],"tintindex":0,"texture":"#0"},"down":{"uv":[4.375,13.5,4.125,13.875],"tintindex":0,"texture":"#0"}}}],"display":{"fixed":{"scale":[4,4,4],"rotation":[-0.0,0.0,25.0]}}}