{"textures":{"0":"bettermodel:item/demon_knight_demon_knight","particle":"bettermodel:item/demon_knight_demon_knight"},"elements":[{"from":[6.5553493,7.4298224,7.7191887],"to":[7.394158,7.9016523,8.357827],"faces":{"north":{"uv":[11.75,12.75,12.25,13.0],"tintindex":0,"texture":"#0"},"east":{"uv":[13.625,11.625,14.0,11.875],"tintindex":0,"texture":"#0"},"south":{"uv":[12.75,11.75,13.25,12.0],"tintindex":0,"texture":"#0"},"west":{"uv":[13.625,11.875,14.0,12.125],"tintindex":0,"texture":"#0"},"up":{"uv":[12.25,8.75,11.75,8.375],"tintindex":0,"texture":"#0"},"down":{"uv":[9.0,11.75,8.5,12.125],"tintindex":0,"texture":"#0"}}}],"display":{"fixed":{"scale":[4,4,4],"rotation":[-6.119101,21.693653,16.17354]}}}