{"textures":{"0":"bettermodel:item/demon_knight_demon_knight","particle":"bettermodel:item/demon_knight_demon_knight"},"elements":[{"from":[8.431738,6.9192395,7.6725855],"to":[9.270547,7.3910694,8.215905],"faces":{"north":{"uv":[12.75,5.875,13.25,6.125],"tintindex":0,"texture":"#0"},"east":{"uv":[11.875,13.5,12.25,13.75],"tintindex":0,"texture":"#0"},"south":{"uv":[6.125,12.75,6.625,13.0],"tintindex":0,"texture":"#0"},"west":{"uv":[12.25,13.5,12.625,13.75],"tintindex":0,"texture":"#0"},"up":{"uv":[12.125,11.75,11.625,11.375],"tintindex":0,"texture":"#0"},"down":{"uv":[1.25,11.75,0.75,12.125],"tintindex":0,"texture":"#0"}}}],"display":{"fixed":{"scale":[4,4,4],"rotation":[3.0947251,22.297112,-8.110027]}}}