{"textures":{"0":"bettermodel:item/demon_knight_demon_knight","particle":"bettermodel:item/demon_knight_demon_knight"},"elements":[{"from":[8.296856,8.649764,7.5656266],"to":[8.701962,9.297934,8.699924],"faces":{"north":{"uv":[2.375,8.75,2.625,9.125],"tintindex":0,"texture":"#0"},"east":{"uv":[9.5,7.375,10.25,7.75],"tintindex":0,"texture":"#0"},"south":{"uv":[10.0,7.0,10.25,7.375],"tintindex":0,"texture":"#0"},"west":{"uv":[8.75,9.5,9.5,9.875],"tintindex":0,"texture":"#0"},"up":{"uv":[3.25,11.875,3.0,11.125],"tintindex":0,"texture":"#0"},"down":{"uv":[3.5,11.125,3.25,11.875],"tintindex":0,"texture":"#0"}}},{"from":[8.296856,8.487721,7.727669],"to":[8.701962,8.649764,8.699924],"faces":{"north":{"uv":[11.5,6.75,11.75,6.875],"tintindex":0,"texture":"#0"},"east":{"uv":[13.625,11.25,14.25,11.375],"tintindex":0,"texture":"#0"},"south":{"uv":[10.0,11.5,10.25,11.625],"tintindex":0,"texture":"#0"},"west":{"uv":[13.625,12.375,14.25,12.5],"tintindex":0,"texture":"#0"},"up":{"uv":[11.0,12.375,10.75,11.75],"tintindex":0,"texture":"#0"},"down":{"uv":[11.25,11.75,11.0,12.375],"tintindex":0,"texture":"#0"}}},{"from":[8.701962,8.811807,7.889712],"to":[8.864005,9.297934,8.537882],"faces":{"north":{"uv":[5.875,6.625,6.0,7.0],"tintindex":0,"texture":"#0"},"east":{"uv":[1.5,9.125,1.875,9.5],"tintindex":0,"texture":"#0"},"south":{"uv":[6.5,9.125,6.625,9.5],"tintindex":0,"texture":"#0"},"west":{"uv":[9.5,11.875,9.875,12.25],"tintindex":0,"texture":"#0"},"up":{"uv":[5.0,9.75,4.875,9.375],"tintindex":0,"texture":"#0"},"down":{"uv":[8.25,9.5,8.125,9.875],"tintindex":0,"texture":"#0"}}},{"from":[8.377877,9.297934,7.727669],"to":[8.701962,9.62202,8.699924],"faces":{"north":{"uv":[8.5,13.875,8.75,14.125],"tintindex":0,"texture":"#0"},"east":{"uv":[3.125,11.875,3.75,12.125],"tintindex":0,"texture":"#0"},"south":{"uv":[13.875,8.625,14.125,8.875],"tintindex":0,"texture":"#0"},"west":{"uv":[11.875,3.375,12.5,3.625],"tintindex":0,"texture":"#0"},"up":{"uv":[4.5,12.5,4.25,11.875],"tintindex":0,"texture":"#0"},"down":{"uv":[4.75,11.875,4.5,12.5],"tintindex":0,"texture":"#0"}}}],"display":{"fixed":{"scale":[4,4,4],"rotation":[-0.0,25.0,-0.0]}}}