{"textures":{"0":"bettermodel:item/demon_knight_demon_knight","particle":"bettermodel:item/demon_knight_demon_knight"},"elements":[{"from":[6.913296,6.6517086,7.4257154],"to":[7.151594,7.0806446,8.569546],"faces":{"north":{"uv":[0.25,12.625,0.375,12.875],"tintindex":0,"texture":"#0"},"east":{"uv":[11.25,6.0,12.0,6.25],"tintindex":0,"texture":"#0"},"south":{"uv":[12.125,14.5,12.25,14.75],"tintindex":0,"texture":"#0"},"west":{"uv":[11.25,6.25,12.0,6.5],"tintindex":0,"texture":"#0"},"up":{"uv":[7.25,13.625,7.125,12.875],"tintindex":0,"texture":"#0"},"down":{"uv":[10.875,13.0,10.75,13.75],"tintindex":0,"texture":"#0"}}},{"from":[7.125448,7.506989,7.4257154],"to":[7.363746,7.9359255,8.569546],"faces":{"north":{"uv":[14.375,14.5,14.5,14.75],"tintindex":0,"texture":"#0"},"east":{"uv":[11.25,8.75,12.0,9.0],"tintindex":0,"texture":"#0"},"south":{"uv":[14.5,14.5,14.625,14.75],"tintindex":0,"texture":"#0"},"west":{"uv":[11.25,10.625,12.0,10.875],"tintindex":0,"texture":"#0"},"up":{"uv":[8.0,13.875,7.875,13.125],"tintindex":0,"texture":"#0"},"down":{"uv":[1.375,13.25,1.25,14.0],"tintindex":0,"texture":"#0"}}},{"from":[6.99701,7.0826645,7.4257154],"to":[7.2353077,7.511601,8.569546],"faces":{"north":{"uv":[0.0,14.625,0.125,14.875],"tintindex":0,"texture":"#0"},"east":{"uv":[11.25,10.875,12.0,11.125],"tintindex":0,"texture":"#0"},"south":{"uv":[0.125,14.625,0.25,14.875],"tintindex":0,"texture":"#0"},"west":{"uv":[11.25,11.125,12.0,11.375],"tintindex":0,"texture":"#0"},"up":{"uv":[1.5,14.0,1.375,13.25],"tintindex":0,"texture":"#0"},"down":{"uv":[5.0,13.25,4.875,14.0],"tintindex":0,"texture":"#0"}}}],"display":{"fixed":{"scale":[4,4,4],"rotation":[0.0,0.0,-9.999999]}}}