{"textures":{"0":"bettermodel:item/demon_knight_demon_knight","particle":"bettermodel:item/demon_knight_demon_knight"},"elements":[{"from":[7.886329,7.056034,7.3109794],"to":[8.362925,7.4849706,7.739916],"faces":{"north":{"uv":[14.0,3.625,14.25,3.875],"tintindex":0,"texture":"#0"},"east":{"uv":[4.25,14.0,4.5,14.25],"tintindex":0,"texture":"#0"},"south":{"uv":[4.875,14.0,5.125,14.25],"tintindex":0,"texture":"#0"},"west":{"uv":[5.5,14.0,5.75,14.25],"tintindex":0,"texture":"#0"},"up":{"uv":[6.0,14.25,5.75,14.0],"tintindex":0,"texture":"#0"},"down":{"uv":[14.25,5.75,14.0,6.0],"tintindex":0,"texture":"#0"}}},{"from":[7.9636707,6.625079,7.2789426],"to":[8.440267,7.054015,7.707879],"faces":{"north":{"uv":[13.125,3.0,13.5,3.25],"tintindex":0,"texture":"#0"},"east":{"uv":[14.0,6.0,14.25,6.25],"tintindex":0,"texture":"#0"},"south":{"uv":[3.25,13.125,3.625,13.375],"tintindex":0,"texture":"#0"},"west":{"uv":[6.625,14.0,6.875,14.25],"tintindex":0,"texture":"#0"},"up":{"uv":[4.0,13.375,3.625,13.125],"tintindex":0,"texture":"#0"},"down":{"uv":[13.5,4.375,13.125,4.625],"tintindex":0,"texture":"#0"}}},{"from":[7.862987,7.480359,7.36013],"to":[8.244264,7.956955,7.7890663],"faces":{"north":{"uv":[11.0,12.875,11.25,13.25],"tintindex":0,"texture":"#0"},"east":{"uv":[1.5,13.0,1.75,13.375],"tintindex":0,"texture":"#0"},"south":{"uv":[8.0,13.0,8.25,13.375],"tintindex":0,"texture":"#0"},"west":{"uv":[8.25,13.0,8.5,13.375],"tintindex":0,"texture":"#0"},"up":{"uv":[9.75,14.125,9.5,13.875],"tintindex":0,"texture":"#0"},"down":{"uv":[10.0,13.875,9.75,14.125],"tintindex":0,"texture":"#0"}}}],"display":{"fixed":{"scale":[4,4,4],"rotation":[3.8403628,-7.1755867,9.732897]}}}