{"textures":{"0":"bettermodel:item/rocky_rocky","particle":"bettermodel:item/rocky_rocky"},"elements":[{"from":[4.997446,4.997446,5.855318],"to":[8.857873,9.286809,9.715745],"faces":{"north":{"uv":[4.0,2.875,5.125,4.125],"tintindex":0,"texture":"#0"},"east":{"uv":[4.0,4.125,5.125,5.375],"tintindex":0,"texture":"#0"},"south":{"uv":[0.0,4.25,1.125,5.5],"tintindex":0,"texture":"#0"},"west":{"uv":[1.125,4.5,2.25,5.75],"tintindex":0,"texture":"#0"},"up":{"uv":[6.25,6.25,5.125,5.125],"tintindex":0,"texture":"#0"},"down":{"uv":[3.375,5.25,2.25,6.375],"tintindex":0,"texture":"#0"}}},{"from":[5.426382,5.426382,5.426382],"to":[8.428936,8.857873,5.855318],"faces":{"north":{"uv":[3.5,6.5,4.375,7.5],"tintindex":0,"texture":"#0"},"east":{"uv":[4.75,11.5,4.875,12.5],"tintindex":0,"texture":"#0"},"south":{"uv":[6.75,0.75,7.625,1.75],"tintindex":0,"texture":"#0"},"west":{"uv":[2.625,11.875,2.75,12.875],"tintindex":0,"texture":"#0"},"up":{"uv":[9.375,7.125,8.5,7.0],"tintindex":0,"texture":"#0"},"down":{"uv":[9.75,5.875,8.875,6.0],"tintindex":0,"texture":"#0"}}},{"from":[6.7140493,9.287666,4.5693674],"to":[8.857015,10.143824,6.7123327],"faces":{"north":{"uv":[12.0,6.25,12.625,6.5],"tintindex":0,"texture":"#0"},"east":{"uv":[12.0,7.375,12.625,7.625],"tintindex":0,"texture":"#0"},"south":{"uv":[12.0,9.25,12.625,9.5],"tintindex":0,"texture":"#0"},"west":{"uv":[10.25,12.0,10.875,12.25],"tintindex":0,"texture":"#0"},"up":{"uv":[11.125,2.5,10.5,1.875],"tintindex":0,"texture":"#0"},"down":{"uv":[11.125,5.625,10.5,6.25],"tintindex":0,"texture":"#0"}},"rotation":{"angle":22.5,"axis":"y","origin":[12.7183,-1.4365988,6.713191]}},{"from":[4.5685096,6.284255,6.284255],"to":[4.997446,9.286809,9.286809],"faces":{"north":{"uv":[5.125,12.125,5.25,13.0],"tintindex":0,"texture":"#0"},"east":{"uv":[7.25,3.625,8.125,4.5],"tintindex":0,"texture":"#0"},"south":{"uv":[7.875,12.125,8.0,13.0],"tintindex":0,"texture":"#0"},"west":{"uv":[4.375,7.25,5.25,8.125],"tintindex":0,"texture":"#0"},"up":{"uv":[11.125,13.0,11.0,12.125],"tintindex":0,"texture":"#0"},"down":{"uv":[11.25,12.125,11.125,13.0],"tintindex":0,"texture":"#0"}}}],"display":{"fixed":{"scale":[4,4,4]}}}