{"textures":{"0":"bettermodel:item/rocky_rocky","particle":"bettermodel:item/rocky_rocky"},"elements":[{"from":[4.5685096,8.857873,2.8527641],"to":[6.713191,12.7183,4.997446],"faces":{"north":{"uv":[2.5,7.75,3.125,8.875],"tintindex":0,"texture":"#0"},"east":{"uv":[7.75,7.625,8.375,8.75],"tintindex":0,"texture":"#0"},"south":{"uv":[7.875,6.0,8.5,7.125],"tintindex":0,"texture":"#0"},"west":{"uv":[8.0,0.75,8.625,1.875],"tintindex":0,"texture":"#0"},"up":{"uv":[10.875,4.125,10.25,3.5],"tintindex":0,"texture":"#0"},"down":{"uv":[4.25,10.375,3.625,11.0],"tintindex":0,"texture":"#0"}}},{"from":[4.997446,12.289363,3.2817004],"to":[6.2842546,14.434045,4.568509],"faces":{"north":{"uv":[1.5,9.125,2.125,10.0],"tintindex":0,"texture":"#0"},"east":{"uv":[9.125,2.25,9.75,3.125],"tintindex":0,"texture":"#0"},"south":{"uv":[3.0,9.125,3.625,10.0],"tintindex":0,"texture":"#0"},"west":{"uv":[4.875,9.125,5.5,10.0],"tintindex":0,"texture":"#0"},"up":{"uv":[4.875,11.0,4.25,10.375],"tintindex":0,"texture":"#0"},"down":{"uv":[6.125,10.375,5.5,11.0],"tintindex":0,"texture":"#0"}}}],"display":{"fixed":{"scale":[4,4,4]}}}