{"textures":{"0":"bettermodel:item/rocky_rocky","particle":"bettermodel:item/rocky_rocky"},"elements":[{"from":[7.5710635,6.284255,6.284255],"to":[11.002554,10.144682,9.715745],"faces":{"north":{"uv":[3.375,5.375,4.375,6.5],"tintindex":0,"texture":"#0"},"east":{"uv":[0.0,5.5,1.0,6.625],"tintindex":0,"texture":"#0"},"south":{"uv":[5.75,0.75,6.75,1.875],"tintindex":0,"texture":"#0"},"west":{"uv":[1.0,5.75,2.0,6.875],"tintindex":0,"texture":"#0"},"up":{"uv":[7.25,4.625,6.25,3.625],"tintindex":0,"texture":"#0"},"down":{"uv":[5.375,6.25,4.375,7.25],"tintindex":0,"texture":"#0"}}},{"from":[8.0,6.713191,5.855318],"to":[10.573618,9.286809,10.144682],"faces":{"north":{"uv":[4.125,9.0,4.875,9.75],"tintindex":0,"texture":"#0"},"east":{"uv":[5.375,6.25,6.625,7.0],"tintindex":0,"texture":"#0"},"south":{"uv":[8.25,9.0,9.0,9.75],"tintindex":0,"texture":"#0"},"west":{"uv":[6.25,5.375,7.5,6.125],"tintindex":0,"texture":"#0"},"up":{"uv":[2.75,7.625,2.0,6.375],"tintindex":0,"texture":"#0"},"down":{"uv":[3.5,6.5,2.75,7.75],"tintindex":0,"texture":"#0"}}},{"from":[8.0,10.144682,8.0],"to":[10.144682,10.573618,9.715745],"faces":{"north":{"uv":[12.25,2.625,12.875,2.75],"tintindex":0,"texture":"#0"},"east":{"uv":[12.375,5.0,12.875,5.125],"tintindex":0,"texture":"#0"},"south":{"uv":[12.25,5.125,12.875,5.25],"tintindex":0,"texture":"#0"},"west":{"uv":[12.375,8.75,12.875,8.875],"tintindex":0,"texture":"#0"},"up":{"uv":[4.875,11.5,4.25,11.0],"tintindex":0,"texture":"#0"},"down":{"uv":[6.0,11.0,5.375,11.5],"tintindex":0,"texture":"#0"}},"rotation":{"angle":45.0,"axis":"y","origin":[8.0,8.0,8.0]}},{"from":[9.286809,7.1421275,7.1421275],"to":[11.43149,9.286809,8.428936],"faces":{"north":{"uv":[6.125,10.375,6.75,11.0],"tintindex":0,"texture":"#0"},"east":{"uv":[8.5,11.625,8.875,12.25],"tintindex":0,"texture":"#0"},"south":{"uv":[8.25,10.375,8.875,11.0],"tintindex":0,"texture":"#0"},"west":{"uv":[11.625,8.875,12.0,9.5],"tintindex":0,"texture":"#0"},"up":{"uv":[10.5,2.25,9.875,1.875],"tintindex":0,"texture":"#0"},"down":{"uv":[12.25,5.0,11.625,5.375],"tintindex":0,"texture":"#0"}},"rotation":{"angle":22.5,"axis":"x","origin":[8.0,8.0,8.0]}}],"display":{"fixed":{"scale":[4,4,4]}}}