{"textures":{"0":"bettermodel:item/rocky_rocky","particle":"bettermodel:item/rocky_rocky"},"elements":[{"from":[7.5710635,8.0,4.5685096],"to":[8.857873,10.573618,5.855318],"faces":{"north":{"uv":[2.125,9.125,2.5,9.875],"tintindex":0,"texture":"#0"},"east":{"uv":[7.25,10.875,7.625,11.625],"tintindex":0,"texture":"#0"},"south":{"uv":[10.625,11.25,11.0,12.0],"tintindex":0,"texture":"#0"},"west":{"uv":[11.375,0.5,11.75,1.25],"tintindex":0,"texture":"#0"},"up":{"uv":[12.375,10.625,12.0,10.25],"tintindex":0,"texture":"#0"},"down":{"uv":[12.375,10.625,12.0,11.0],"tintindex":0,"texture":"#0"}},"rotation":{"angle":22.5,"axis":"z","origin":[8.0,8.0,8.0]}},{"from":[8.85873,7.1429853,4.1404314],"to":[10.143824,9.714887,5.425524],"faces":{"north":{"uv":[11.375,2.875,11.75,3.625],"tintindex":0,"texture":"#0"},"east":{"uv":[11.375,3.625,11.75,4.375],"tintindex":0,"texture":"#0"},"south":{"uv":[4.875,11.375,5.25,12.125],"tintindex":0,"texture":"#0"},"west":{"uv":[7.625,11.375,8.0,12.125],"tintindex":0,"texture":"#0"},"up":{"uv":[0.375,12.5,0.0,12.125],"tintindex":0,"texture":"#0"},"down":{"uv":[12.5,0.0,12.125,0.375],"tintindex":0,"texture":"#0"}},"rotation":{"angle":22.5,"axis":"y","origin":[8.0,8.0,8.0]}}],"display":{"fixed":{"scale":[4,4,4]}}}