{"textures":{"0":"bettermodel:item/rocky_rocky","particle":"bettermodel:item/rocky_rocky"},"elements":[{"from":[7.1421275,7.5710635,5.855318],"to":[8.857873,8.0,6.284255],"faces":{"north":{"uv":[1.5,9.0,2.0,9.125],"tintindex":0,"texture":"#0"},"east":{"uv":[7.5,6.0,7.625,6.125],"tintindex":0,"texture":"#0"},"south":{"uv":[7.75,10.0,8.25,10.125],"tintindex":0,"texture":"#0"},"west":{"uv":[8.5,0.625,8.625,0.75],"tintindex":0,"texture":"#0"},"up":{"uv":[1.25,10.75,0.75,10.625],"tintindex":0,"texture":"#0"},"down":{"uv":[11.125,1.75,10.625,1.875],"tintindex":0,"texture":"#0"}}},{"from":[6.713191,8.0,5.855318],"to":[9.286809,8.428936,6.284255],"faces":{"north":{"uv":[12.125,7.75,12.875,7.875],"tintindex":0,"texture":"#0"},"east":{"uv":[4.875,9.0,5.0,9.125],"tintindex":0,"texture":"#0"},"south":{"uv":[12.125,7.875,12.875,8.0],"tintindex":0,"texture":"#0"},"west":{"uv":[10.125,2.875,10.25,3.0],"tintindex":0,"texture":"#0"},"up":{"uv":[12.875,8.125,12.125,8.0],"tintindex":0,"texture":"#0"},"down":{"uv":[12.875,8.125,12.125,8.25],"tintindex":0,"texture":"#0"}}},{"from":[6.713191,7.5710635,6.284255],"to":[9.286809,8.428936,8.428936],"faces":{"north":{"uv":[11.75,4.125,12.5,4.375],"tintindex":0,"texture":"#0"},"east":{"uv":[8.25,3.375,8.875,3.625],"tintindex":0,"texture":"#0"},"south":{"uv":[11.75,6.5,12.5,6.75],"tintindex":0,"texture":"#0"},"west":{"uv":[9.875,5.625,10.5,5.875],"tintindex":0,"texture":"#0"},"up":{"uv":[10.25,0.625,9.5,0.0],"tintindex":0,"texture":"#0"},"down":{"uv":[10.5,2.25,9.75,2.875],"tintindex":0,"texture":"#0"}}}],"display":{"fixed":{"scale":[4,4,4]}}}