{"textures":{"0":"bettermodel:item/rocky_rocky","particle":"bettermodel:item/rocky_rocky"},"elements":[{"from":[7.57235,6.285541,7.5723505],"to":[8.8565855,7.569777,8.4276495],"faces":{"north":{"uv":[0.375,12.125,0.75,12.5],"tintindex":0,"texture":"#0"},"east":{"uv":[1.375,12.25,1.625,12.625],"tintindex":0,"texture":"#0"},"south":{"uv":[0.75,12.125,1.125,12.5],"tintindex":0,"texture":"#0"},"west":{"uv":[1.625,12.25,1.875,12.625],"tintindex":0,"texture":"#0"},"up":{"uv":[8.0,1.75,7.625,1.5],"tintindex":0,"texture":"#0"},"down":{"uv":[9.75,4.375,9.375,4.625],"tintindex":0,"texture":"#0"}},"rotation":{"angle":-22.5,"axis":"x","origin":[9.715745,6.284255,7.1421275]}},{"from":[7.571922,6.285113,6.7140493],"to":[8.857015,6.7123327,8.428079],"faces":{"north":{"uv":[1.375,11.125,1.75,11.25],"tintindex":0,"texture":"#0"},"east":{"uv":[12.375,8.875,12.875,9.0],"tintindex":0,"texture":"#0"},"south":{"uv":[11.125,2.375,11.5,2.5],"tintindex":0,"texture":"#0"},"west":{"uv":[12.375,9.0,12.875,9.125],"tintindex":0,"texture":"#0"},"up":{"uv":[6.375,12.5,6.0,12.0],"tintindex":0,"texture":"#0"},"down":{"uv":[6.75,12.0,6.375,12.5],"tintindex":0,"texture":"#0"}}}],"display":{"fixed":{"scale":[4,4,4]}}}