{"textures":{"0":"bettermodel:item/rocky_rocky","particle":"bettermodel:item/rocky_rocky"},"elements":[{"from":[7.1421275,7.1421275,5.426382],"to":[9.286809,8.857873,8.0],"faces":{"north":{"uv":[2.0,11.25,2.625,11.75],"tintindex":0,"texture":"#0"},"east":{"uv":[10.25,10.75,11.0,11.25],"tintindex":0,"texture":"#0"},"south":{"uv":[2.625,11.25,3.25,11.75],"tintindex":0,"texture":"#0"},"west":{"uv":[10.875,0.0,11.625,0.5],"tintindex":0,"texture":"#0"},"up":{"uv":[10.75,7.625,10.125,6.875],"tintindex":0,"texture":"#0"},"down":{"uv":[7.625,10.125,7.0,10.875],"tintindex":0,"texture":"#0"}},"rotation":{"angle":22.5,"axis":"x","origin":[9.715745,4.997446,7.1421275]}},{"from":[7.5710635,6.284255,6.713191],"to":[8.857873,8.0,8.428936],"faces":{"north":{"uv":[6.75,12.0,7.125,12.5],"tintindex":0,"texture":"#0"},"east":{"uv":[3.25,11.625,3.75,12.125],"tintindex":0,"texture":"#0"},"south":{"uv":[12.0,6.875,12.375,7.375],"tintindex":0,"texture":"#0"},"west":{"uv":[3.75,11.625,4.25,12.125],"tintindex":0,"texture":"#0"},"up":{"uv":[12.375,8.75,12.0,8.25],"tintindex":0,"texture":"#0"},"down":{"uv":[12.375,8.75,12.0,9.25],"tintindex":0,"texture":"#0"}}}],"display":{"fixed":{"scale":[4,4,4]}}}