{"textures":{"0":"bettermodel:item/rocky_rocky","particle":"bettermodel:item/rocky_rocky"},"elements":[{"from":[7.1421275,7.1421275,5.426382],"to":[9.286809,8.857873,8.0],"faces":{"north":{"uv":[0.0,11.25,0.625,11.75],"tintindex":0,"texture":"#0"},"east":{"uv":[10.75,6.875,11.5,7.375],"tintindex":0,"texture":"#0"},"south":{"uv":[1.375,11.25,2.0,11.75],"tintindex":0,"texture":"#0"},"west":{"uv":[9.5,10.75,10.25,11.25],"tintindex":0,"texture":"#0"},"up":{"uv":[3.625,10.75,3.0,10.0],"tintindex":0,"texture":"#0"},"down":{"uv":[5.5,10.0,4.875,10.75],"tintindex":0,"texture":"#0"}},"rotation":{"angle":22.5,"axis":"x","origin":[9.715745,4.997446,7.1421275]}},{"from":[7.5710635,6.284255,6.713191],"to":[8.857873,8.0,8.428936],"faces":{"north":{"uv":[2.875,11.75,3.25,12.25],"tintindex":0,"texture":"#0"},"east":{"uv":[0.625,11.625,1.125,12.125],"tintindex":0,"texture":"#0"},"south":{"uv":[4.25,12.0,4.625,12.5],"tintindex":0,"texture":"#0"},"west":{"uv":[11.625,1.75,12.125,2.25],"tintindex":0,"texture":"#0"},"up":{"uv":[5.625,12.5,5.25,12.0],"tintindex":0,"texture":"#0"},"down":{"uv":[6.0,12.0,5.625,12.5],"tintindex":0,"texture":"#0"}}}],"display":{"fixed":{"scale":[4,4,4]}}}