{"textures":{"0":"bettermodel:item/rocky_rocky","particle":"bettermodel:item/rocky_rocky"},"elements":[{"from":[6.284255,8.0,3.2817006],"to":[8.857873,11.002554,5.855318],"faces":{"north":{"uv":[4.375,5.375,5.125,6.25],"tintindex":0,"texture":"#0"},"east":{"uv":[8.125,3.625,8.875,4.5],"tintindex":0,"texture":"#0"},"south":{"uv":[4.25,8.125,5.0,9.0],"tintindex":0,"texture":"#0"},"west":{"uv":[0.0,8.25,0.75,9.125],"tintindex":0,"texture":"#0"},"up":{"uv":[9.75,9.75,9.0,9.0],"tintindex":0,"texture":"#0"},"down":{"uv":[0.75,9.125,0.0,9.875],"tintindex":0,"texture":"#0"}},"rotation":{"angle":22.5,"axis":"x","origin":[13.147236,-1.4365988,5.855318]}},{"from":[6.713191,11.002554,3.7106366],"to":[8.428936,15.291918,5.426382],"faces":{"north":{"uv":[1.5,7.75,2.0,9.0],"tintindex":0,"texture":"#0"},"east":{"uv":[7.75,8.75,8.25,10.0],"tintindex":0,"texture":"#0"},"south":{"uv":[2.5,8.875,3.0,10.125],"tintindex":0,"texture":"#0"},"west":{"uv":[8.875,3.375,9.375,4.625],"tintindex":0,"texture":"#0"},"up":{"uv":[5.75,12.0,5.25,11.5],"tintindex":0,"texture":"#0"},"down":{"uv":[6.25,11.5,5.75,12.0],"tintindex":0,"texture":"#0"}},"rotation":{"angle":22.5,"axis":"x","origin":[13.147236,-1.4365988,5.855318]}}],"display":{"fixed":{"scale":[4,4,4]}}}