{"textures":{"0":"bettermodel:item/rocky_rocky","particle":"bettermodel:item/rocky_rocky"},"elements":[{"from":[7.57235,6.285541,7.5723505],"to":[8.8565855,7.569777,8.4276495],"faces":{"north":{"uv":[12.125,1.25,12.5,1.625],"tintindex":0,"texture":"#0"},"east":{"uv":[1.875,12.25,2.125,12.625],"tintindex":0,"texture":"#0"},"south":{"uv":[12.125,1.75,12.5,2.125],"tintindex":0,"texture":"#0"},"west":{"uv":[2.125,12.25,2.375,12.625],"tintindex":0,"texture":"#0"},"up":{"uv":[10.125,3.125,9.75,2.875],"tintindex":0,"texture":"#0"},"down":{"uv":[4.0,10.125,3.625,10.375],"tintindex":0,"texture":"#0"}},"rotation":{"angle":-22.5,"axis":"x","origin":[9.715745,6.284255,7.1421275]}},{"from":[7.571922,6.285113,6.7140493],"to":[8.857015,6.7123327,8.428079],"faces":{"north":{"uv":[12.375,10.875,12.75,11.0],"tintindex":0,"texture":"#0"},"east":{"uv":[12.375,9.125,12.875,9.25],"tintindex":0,"texture":"#0"},"south":{"uv":[3.625,12.5,4.0,12.625],"tintindex":0,"texture":"#0"},"west":{"uv":[12.375,10.75,12.875,10.875],"tintindex":0,"texture":"#0"},"up":{"uv":[9.25,12.5,8.875,12.0],"tintindex":0,"texture":"#0"},"down":{"uv":[9.625,12.0,9.25,12.5],"tintindex":0,"texture":"#0"}}}],"display":{"fixed":{"scale":[4,4,4]}}}